artist_name,followers,monthly_listeners,popularity_score,instagram_url,email
Tiffany Hudson,98468,855905,171.3540922898987,https://instagram.com/tiffanyhudson/,
BabyJake,67930,946973,153.60807275336873,https://instagram.com/itsbabyjake/,
Girlfriends,51409,998400,144.22190474199795,https://instagram.com/jj.__.jr,
Miles Caton,52203,932373,138.36289557292756,https://instagram.com/_milescaton_/,
Buckshot,71703,744422,136.80741607792316,https://instagram.com/buckeshot,
Reo Cragun,92180,469405,127.46459352312473,https://instagram.com/reocragun,
pluko,93559,447417,126.49116083497067,https://instagram.com/pluko,
Rostam,85122,433816,117.73990635842983,https://instagram.com/matsor,
OCT,90189,372037,116.05090610760419,https://instagram.com/octofficialmusic/,
Deathpact,90081,317121,110.50382613603111,https://instagram.com/deathpact,
John Glacier,45672,708976,110.45394423310063,https://instagram.com/johnglacier/profilecard/?igsh=OTQ2OTd3cTBkYW04,
501Bryze,60264,580039,110.45241524183771,https://instagram.com/501bryze,
EVAN GIIA,46176,703749,110.3770860331926,https://instagram.com/evangiia,
Noah Guy,53366,621259,108.49407180580522,https://instagram.com/imnoahguy,
Mr Little Jeans,88555,306698,108.13038055822638,https://instagram.com/mymrlittlejeans/,
Onell Diaz,75569,413362,107.3293034014743,https://instagram.com/onelldiazmusic,
Run River North,80349,361389,106.36213891559717,https://instagram.com/runrivernorth/,
Vinny West,65247,491549,106.03772522051753,https://instagram.com/vinnywest,bookings4vinnywest@gmail.com
Timo Krantz,16407,903157,104.06218071986956,https://instagram.com/timokrantz/,
The KVB,92781,216179,102.85020588604155,https://instagram.com/thekvb/,
Michael Minelli,78784,331443,102.01613888772766,https://instagram.com/Mrminelli,
Kyle Landry,75549,353190,101.3375736800301,https://instagram.com/kylelandrypiano,
R.L. Beats,13815,869034,98.4005894402408,https://instagram.com/rlbeats,
K Suave,77672,282624,96.19369870267408,https://instagram.com/Ksuave_1,
Larry Gatlin & The Gatlin Brothers,95559,121787,95.9153244011538,https://instagram.com/thegatlinbrothers,
Sorry Mom,92052,152378,95.87624054178336,https://instagram.com/sorrymomtheband,wearesorrymom@gmail.com
Miso,95821,107193,94.6961815280855,https://instagram.com/o0omiso0o,
Zyra,9078,860704,93.41828100831904,https://instagram.com/zyramusicofficial,
King Buffalo,88696,157117,93.40289320401878,https://instagram.com/Kingbuffaloband,
WITCH,78811,236632,92.62649903153437,https://instagram.com/weintendtocausehavoc/?hl=en,
Iceage,97696,35033,89.17650216685479,https://instagram.com/iceage/,
4B,80152,186707,88.84600385992782,https://instagram.com/DJ4B,
Siamese,73628,221879,86.61525403062859,https://instagram.com/siamese_band,
Teflon Sega,74669,199588,85.31524671488093,https://instagram.com/TeflonSega,
Guilt Trip,69265,241194,84.70575366135752,https://instagram.com/guilttripmhc,
Clyde Carson,74596,187282,84.02940860889316,https://instagram.com/clydecarson,
Micah Ariss,65975,263158,84.0004877165113,https://instagram.com/micaharissmusic,
Westerman,58634,317345,82.94097828964786,https://instagram.com/westermanmusic,
Spoken,82825,99097,82.49236897844293,https://instagram.com/spokenofficial,
Pony Bradshaw,51378,375713,82.37114146565779,https://instagram.com/ponybradshaw,
Wes Walker,22864,594431,79.07430953276759,https://instagram.com/ogweswalker,
Mother Soki,24134,579495,78.70542166576091,https://instagram.com/mothersoki,
Riproducer,53759,290578,76.0070969719772,https://instagram.com/le_rip_/,
Harrison,33313,456945,74.58978129398157,https://instagram.com/harrison.music,
poutyface,70452,114728,73.19078633836378,https://instagram.com/whoispoutyface,
Natalie Holt,39365,382943,72.55125377980296,https://instagram.com/natsholt,
Charles Lloyd,51256,254731,70.25240827445899,https://instagram.com/charleslloydsax,
Casey Lee Williams,61279,161481,69.78617358527374,https://instagram.com/caseyleewilliams?igshid=YmMyMTA2M2Y=,
Juelz,42142,323874,69.12254434736563,https://instagram.com/bbjuelz,
Obscurest Vinyl,68061,92255,68.8621828100832,https://instagram.com/obscurestvinyl,
Tr3yway6k,34909,382904,68.63860972924766,https://instagram.com/tr3yway6kz/,
El Kimiko y Yordy,55693,197249,68.43740472109583,https://instagram.com/elkimikoyyordy,
Nadav Cohen,4470,642450,67.70679528447808,https://instagram.com/amessvv,nadavcohenmusic@gmail.com
NoSo,41558,308980,67.13151066705684,https://instagram.com/nosomusic,
Gabriel Jacoby,21395,486914,67.11087189777462,https://instagram.com/gabrieljacoby/,
Tr3yway6k,35357,354190,66.18071847609492,https://instagram.com/tr3yway6kz/,
Finn Gruva,44166,268202,65.37058024330086,https://instagram.com/finngruva/,
VCTMS,60815,116348,64.89811950448002,https://instagram.com/VCTMSIL,
No_4mat,39704,292336,63.85269289188022,https://instagram.com/no_4mat,
cr1tter,55844,146269,63.50830407034265,https://instagram.com/cr1tter.n3t/,
MC Chris,64613,63806,63.01305826122096,https://instagram.com/_mcchris,
Weiland,59479,102968,62.397754413834434,https://instagram.com/weiland,
Geowulf,47822,200811,61.88667244959102,https://instagram.com/geowulfmusic/,
Yvncc,42751,242522,61.57970959965442,https://instagram.com/yvncc,
Kelsey Woods,40674,253002,60.79828811504535,https://instagram.com/kelsawoods,
Soudiere,51769,153760,60.67748770257654,https://instagram.com/soudiere777,
Katie Gavin,39651,260702,60.66541532544626,https://instagram.com/katiegavs/?hl=en,
QQ,59398,81930,60.23794086088932,https://instagram.com/qqworld,
Younginsosleaze,29197,326074,57.98570851274334,https://instagram.com/younginsosleaze/?hl=en,
Reflections,60245,50479,57.85830616055628,https://instagram.com/ReflectionsMN,
Sweet Medicine,6651,520221,57.48442895363907,https://instagram.com/sweetmedicinemusic/,
vianova,46277,169606,57.43321628137062,https://instagram.com/vianova.band,
poptropicaslutz!,48459,133262,55.73883198862924,https://instagram.com/poptropicaslutz/?hl=en,
Daniel Thrasher,55628,68746,55.62194793974611,https://instagram.com/danielthrasher,
Madison Hughes,37341,228816,55.47329334057941,https://instagram.com/itsmadisonhughes,
Debians,8776,472453,54.60581114223207,https://instagram.com/debians,
JUNE,56074,51167,54.26784241182782,https://instagram.com/june.gif_,
Wordsplayed,41038,181340,54.002614160500535,https://instagram.com/wordsplayed,
Hope W Music,40278,186278,53.82621754943355,https://instagram.com/grupohopew?r=nametag,
Lex Luger,21541,350799,53.72474429720051,https://instagram.com/lexlugertmog,
Knowmadic,28286,282375,52.84792406950657,https://instagram.com/knowmadic_/,
envy,58328,15389,52.69281140699246,https://instagram.com/envybandofficial/,
So Far So Good,50516,75905,51.84851978038822,https://instagram.com/incredibox.official,
Sir Silly,13242,399367,51.2670007524769,https://instagram.com/sirsillyofficial/,
Grover,21028,323142,50.528814988225136,https://instagram.com/SesameStreet,
LOLO,36785,183096,50.44625712414475,https://instagram.com/lolomusic,
Realbleeda,43311,119278,49.83463902010786,https://instagram.com/realbleeda_/,
Sylvie,14989,364813,49.36875792539331,https://instagram.com/sylvie_music_/,
This Is Lorelei,21020,308962,49.11393406072767,https://instagram.com/hellothisisnate,
Nissim Black,51722,36067,48.95109283335424,https://instagram.com/nissimofficial,
Emily Bear,29728,225299,48.44603730334573,https://instagram.com/mlebear,
rhyu,35284,175020,48.327763610774355,https://instagram.com/rhyustunes,
Tiishe,25937,254796,48.04921268620319,https://instagram.com/ttiishe/,
8 Kalacas,47013,67963,47.98719012583086,https://instagram.com/Ocho_Kalacas,
Nogymx,9564,389498,47.060839847832455,https://instagram.com/nogymx,
Hex Cougar,34516,158008,45.965040480470435,https://instagram.com/hexcougarmusic,
Brothel in Belize,17285,310184,45.958944720817136,https://instagram.com/brothel_in_belize/,
Steve Roach,46253,53739,45.90829152906093,https://instagram.com/steveroachofficial,
Orthodox,43038,80469,45.74200806822457,https://instagram.com/orthodoxtn,
Mission,30934,186532,45.654944748686646,https://instagram.com/missionismusic/,
bby,29600,195241,45.349443654808184,https://instagram.com/bbytheband,
Overpade,42325,81786,45.24732801025598,https://instagram.com/overpade/,
Make His Ribs Show,40462,92176,44.64469016066776,https://instagram.com/signcrushesmotorist48,
heffy,25369,220361,44.132083037219736,https://instagram.com/xheffyx,
Dreamkid,44887,45070,43.8493429761855,https://instagram.com/dreamkid83,
heffy,25743,210512,43.482293800426405,https://instagram.com/xheffyx,
Angry Children,31663,144983,42.16921986260329,https://instagram.com/angrychildren,
xójira,32053,137112,41.72985173418057,https://instagram.com/strangerbeing,
GnB Chili,26494,176547,40.76884571436534,https://instagram.com/gnbchili_official,
Nvtzz,2892,384704,40.732235274445046,https://instagram.com/Nvtzz_,
UNDREAM,20003,231335,40.51462069590178,https://instagram.com/undreammusic/,undreamingmusic@gmail.com
N8NOFACE,38684,61348,40.02427852793222,https://instagram.com/n8noface,
Boys of Fall,38638,55906,39.44361788108078,https://instagram.com/BoysofFallBand,
Yoshi T.,36134,76779,39.31950552513133,https://instagram.com/yoshitee_,
eydrey,36843,65850,38.85634797876343,https://instagram.com/eydreyyy,
PHresher,41264,23545,38.534160012819974,https://instagram.com/phresher_dgygz/,
Gareth Donkin,30172,117503,38.132969287794545,https://instagram.com/garethdonkin,
Mugshot,34803,71616,37.63935245182058,https://instagram.com/mugshotca/,
The Purist,8253,303875,37.409747711216085,https://instagram.com/ohsnapitsthepurist,
Ruen Brothers,28499,110173,35.937665301060434,https://instagram.com/ruenbrothers,
The Licks,32461,68289,35.25464480303221,https://instagram.com/thelicksca,
VAPERROR,30473,77955,34.47047538425094,https://instagram.com/vaperror,
MC Lars,33137,51653,34.19591955464515,https://instagram.com/mc_lars,
Dennett,17206,182970,33.259185792121286,https://instagram.com/dennettofficial,
Ljones,17564,176777,32.958347964828675,https://instagram.com/ljonesbeats/,
xkt,2158,312301,32.89983313127935,https://instagram.com/ecstsy_00,
FinEsseMo,30839,57655,32.77603953290693,https://instagram.com/mobagley/,
slx7i,570,318685,32.14068705321684,,slx7iq@gmail.com
Cigarettes @ Sunset,11541,218650,31.832381589398437,https://instagram.com/cigarettes.at.sunset?igsh=MWFrNm9vcXJnbXp5bQ%3D%3D&utm_source=qr,
Andy Cizek,23552,109991,31.58012172010646,https://instagram.com/andycizek,
Not Klyde,24113,104978,31.574510541644024,https://instagram.com/notklyde,
Drew The Architect,24851,96651,31.395131544110473,https://instagram.com/drewthearchitect,
Drew The Architect,24908,93815,31.163558867382914,https://instagram.com/drewthearchitect,
637iso,13867,190419,31.069813483271325,https://instagram.com/637iso_,
sixteen,9657,222114,30.52367375945822,https://instagram.com/makehatinglegal,
Sheath,1705,291415,30.42879513119574,https://instagram.com/sheathmusic/,sheathmmusic@gmail.com
Ulrika Spacek,32080,23044,30.428277803324832,https://instagram.com/ulrikaspacek,
Dennett,16904,156776,30.39359837242033,https://instagram.com/dennettofficial,
Franklin Jonas,21621,114224,30.306536097989216,https://instagram.com/franklinjonas,
Pìjus,3856,270378,30.226975600239676,https://instagram.com/pijusmusic,
dreamcastmoe,22869,99535,29.942873416663183,https://instagram.com/dreamcast.moe,
Shawny Binladen,30153,34391,29.864515488482922,https://instagram.com/sb_bdz,
Gianni´s Humble,14872,167587,29.684513955659604,https://instagram.com/giannihumble,
Levi Ryan,17465,143495,29.56709759904129,https://instagram.com/leviryantx,
Mountain Grass Unit,20992,107306,29.067927065479424,https://instagram.com/the_mountain_grass_unit,
Damien Sebe,30028,27280,29.04884968577122,https://instagram.com/damiensebe,
Yulien Oviedo,22371,93941,28.950630199406383,https://instagram.com/yulien_oviedo,
O'Brother,31340,14569,28.93771337597369,https://instagram.com/obrothermusic,
Ybe,26075,59918,28.821774452015664,https://instagram.com/ybemusic,
Jewell,8299,214429,28.569439335033373,https://instagram.com/iamjewellcaples,
Bhxa,2760,256734,27.910925546590864,https://instagram.com/bhxamusic?igshid=1szlwtjefk2co,bhxamusic@gmail.com
spawncamped,5983,223279,27.416533938101807,https://instagram.com/spawncamped6,
Shihori,6019,203879,25.52198103479509,https://instagram.com/shihori94,
Opihi Pickers,21177,68679,25.395120396304502,https://instagram.com/opihipickers,
Midnight Danger,22913,51633,25.225512799074732,https://instagram.com/midnightdanger,
seiji oda,22714,52505,25.137528043699398,https://instagram.com/seijioda,
Jared & The Mill,23706,41867,24.95150808912671,https://instagram.com/wheelwright,
Noah Baker,16362,105259,24.803286860917186,https://instagram.com/noahrbaker/,
Maggie Koerner,17389,94662,24.652039351755086,https://instagram.com/MaggieKoerner,
Seventeen Years Old And Berlin Wall,22667,44787,24.33001720942547,https://instagram.com/17berlinwall,
Former City Records,6017,190845,24.226144043587922,https://instagram.com/formercityrecords/,
Sayako,23072,39922,24.20225812744729,https://instagram.com/heartsayako,
The Haunting,17968,83329,24.034735518303304,https://instagram.com/thehaunt.ing,
The Enigma Tng,23993,28825,23.908385588673827,https://instagram.com/theenigmatng/,
Shulem,20482,57915,23.716765951813606,https://instagram.com/iamshulem,
Seventeen Years Old And Berlin Wall,22430,39566,23.603754720399092,https://instagram.com/17berlinwall,
Tyler Corbin,6863,170150,22.913543190780764,https://instagram.com/tyler_corbin_music?igshid=YmMyMTA2M2Y=,
Sorry Ghost,21087,41941,22.661486768947785,https://instagram.com/sorryghostca,sorryghostband@gmail.com
Take The Name,15569,90538,22.646096177696027,https://instagram.com/takethenameofficial?utm_medium=copy_link,
KP SKYWALKA,18677,55658,21.90934604183214,https://instagram.com/skywalkalaflarekp/,
paris91,6115,164327,21.679265429260205,https://instagram.com/itsparis91,
Yarn,16115,72491,21.33324449925449,https://instagram.com/brooklynyarn,
9 Theory,9369,131762,21.300430584005685,https://instagram.com/9theory,
VXJOKING,18764,46834,21.109569694689466,https://instagram.com/vxjoking/,
GDJYB 雞蛋蒸肉餅,19283,35953,20.484511168708107,,gdjyb2012@gmail.com
Sword II,15245,63895,19.716631481404065,https://instagram.com/swordii2,
KIRRA47,14335,70238,19.548151554422198,https://instagram.com/young.nightcrawler,
anbuu,5415,147418,19.38641779189833,https://instagram.com/anbuumusic,asecondty@gmail.com
Sleep Soul,19529,22392,19.35389476471162,https://instagram.com/sleepsoul/,
EA Sports Madden NFL,3595,162763,19.313457143653416,https://instagram.com/eamaddennfl,
Wow That's What I Call Metalcore,8169,119492,19.029570252079765,https://instagram.com/wtwicm,
Heimanu,14493,61649,18.833987918565278,https://instagram.com/heimanu__,
Heimanu,14513,61331,18.819959101486837,https://instagram.com/heimanu__,
Kia Shine,19614,14018,18.59704234772794,https://instagram.com/kinfolk_kiashine?igsh=ODVjMWltNTY3Y3o5&utm_source=qr,
YFU Baby,18719,21225,18.52750268244081,https://instagram.com/yfubaby,
Zahna,14561,54621,18.195861028663796,https://instagram.com/zahnaofficial,
Dante Swan,9605,97600,18.115668938032133,https://instagram.com/dante_swan_tj,
Atl Smook,17048,31392,18.071145297716093,https://instagram.com/atlsmook,
Qbomb,15527,42795,17.869083301980126,https://instagram.com/qbombband,
Mgm Lett,15899,35326,17.453838328943885,https://instagram.com/mgm_lett/?hl=en,
Lil Voz El Dominicano,1297,163926,17.41313629586277,https://instagram.com/LILVOZELDOMINICANO,
Rooster,15298,39912,17.381967030363835,https://instagram.com/yg_swe/,
Sweet Micky,13500,54499,17.253046486350904,https://instagram.com/thesweetmicky,
Akeos,16588,24719,17.005106740242187,https://instagram.com/akeos_,
uniivrss,15961,28911,16.871310076223125,https://instagram.com/uniiivrss,
Jacob Maul,11790,61848,16.482693031227793,https://instagram.com/jacobmaull,jacobmaulmusic@gmail.com
m3wk4,14317,38198,16.351265972715744,https://instagram.com/notm3wk4?igshid=MzMyNGUyNmU2YQ%3D%3D&utm_source=qr,
WHIZZ,14136,38253,16.197954725972995,https://instagram.com/whizz_hk,
BOAN,11928,56733,16.09590213619832,https://instagram.com/ms.boan/,
Getrichzay,14195,34125,15.83986002536126,https://instagram.com/getrichzay1/,
CJ Starnes,13688,36653,15.646116034725415,https://instagram.com/cjstarnesofficial,charlesmichaelstarnes@gmail.com
luv4her,4838,112989,15.46198911695442,https://instagram.com/luv4hermusic,luv4hermusic@gmail.com
Pijn,14653,25630,15.398187088053731,https://instagram.com/pijnband,
Jokujekku,2303,133670,15.291621030335966,https://instagram.com/jokujekku/,
STS,11324,52300,15.125946518400848,https://instagram.com/STSisGOLD,
Ashley Eriksson,15682,12636,15.010707467636525,https://instagram.com/ashleyerikssondiscoproject,
Tom Westy,7804,79565,14.74523675152934,https://instagram.com/tomwestymusic,
Es-K,10089,58580,14.666123907863383,https://instagram.com/beatsbyesk,
LVDY,10155,56016,14.469451527946156,https://instagram.com/lvdy.music,
Quasarpro,6526,87614,14.42333026768669,https://instagram.com/quasarpro,
RelicRhymes,5883,90628,14.158540612850633,https://instagram.com/relicrhymes/,
jamesstfu,5803,90067,14.03266620681967,https://instagram.com/jamesstfu_,
John 00 Fleming,14102,15293,13.888543190780764,https://instagram.com/john00fleming,
Igwe Aka,10120,45979,13.442224753703162,https://instagram.com/igweaka,
Igwe Aka,10166,44624,13.348044256789711,https://instagram.com/igweaka,
880 South,8880,55881,13.337626980477406,https://instagram.com/weegemusic,
Dday One,12206,25269,13.215853921937489,https://instagram.com/ddayone,
Sego,12003,26377,13.147791689310647,https://instagram.com/sego,
vvherearewe,8837,54313,13.144228571826709,https://instagram.com/hypothetically,
Mariachi Cobre,13224,15550,13.143884034948371,https://instagram.com/mariachi_cobre,
Dj Meetha,1998,114527,13.123461602775805,,mymusic.niche@gmail.com
Kerosene Heights,8147,58626,12.967182252692892,https://instagram.com/keroseneheights,
PYRXCRIED,2730,106072,12.926110948538941,https://instagram.com/pyrxcried,pyrxcried@gmail.com
Erin Kirby,8709,51890,12.791379959031813,https://instagram.com/erinkirbymusic,
Millieonthebeat,1786,111494,12.636364839819963,https://instagram.com/millieonthebeat1/,
d1v,12170,19014,12.563246380446747,https://instagram.com/d1vwv,
WELL$,11474,24512,12.498589802544487,https://instagram.com/wellwellwells_,
Carter Cook,5656,75354,12.442936471440714,https://instagram.com/cartercookmusic,
The Missing Peace,8907,44929,12.273940261694746,https://instagram.com/tmptheband,
Cassidy King,12808,9150,12.143546813817705,https://instagram.com/cassidyyking,
MAAD,7448,55228,12.016653428647075,https://instagram.com/SHESMAAD,
Na Drua,6171,66148,11.980671794657415,https://instagram.com/na.drua,
jamesstfu,5710,68642,11.823902986218524,https://instagram.com/jamesstfu_,
Britta Phillips,7595,50297,11.656025737497039,https://instagram.com/britta_phillips,
MAAD,7430,51649,11.645522414057382,https://instagram.com/SHESMAAD,
DJ Awesome,9149,35275,11.527722154870894,https://instagram.com/djawesomeyt/,
ESP,7982,44432,11.413192034892633,https://instagram.com/espforever/,
Brooklyn Van Zandt,9429,31396,11.388209104970528,https://instagram.com/houseofbrooklyn/?hl=en,
ØXN,10956,17099,11.30820304335103,https://instagram.com/oxnmusic/,
Brody Clementi,1844,91711,10.723083970848487,https://instagram.com/brodyclementi/,
Further Within,7027,44761,10.608137549990943,https://instagram.com/furtherwithinofficial,
lama,3851,68788,10.207696863286095,https://instagram.com/raghavlama,
Trit95,8644,24981,10.062698396109415,https://instagram.com/_trit95,trit9five@gmail.com
Sophus Alf,4977,57274,10.05224697964132,https://instagram.com/Sunraker,
Kay P,9373,17615,9.97083768794504,https://instagram.com/BabyyShiva,
Doug Hammer,5520,51034,9.909023452196815,https://instagram.com/doug_hammer,
H4RRIS,2277,78108,9.752332678399732,https://instagram.com/h4rrismusic,
2DS,9871,9608,9.612703621643465,https://instagram.com/2ds_officiel/,
bl4ck m4rket c4rt,9727,10812,9.60592714908797,https://instagram.com/bl4ckm4rketc4rt/,
Ogi Feel the Beat,6032,43257,9.586005671446287,https://instagram.com/ogi_feel_the_beat/,
AQVOL,8377,22143,9.54671662277218,https://instagram.com/AQVOL,
ZREO: Second Quest,5742,45069,9.511524392792943,https://instagram.com/zreosq,
AQVOL,8324,21862,9.472326268411297,https://instagram.com/AQVOL,
Annalise Azadian,5762,44350,9.457682231790756,https://instagram.com/annaliseazadian/?hl=en,
Dovy Meisels,8671,17341,9.327844083998718,https://instagram.com/dovymeisels,
1111,4257,55589,9.253372559675599,https://instagram.com/1111musicuk,
Paul Epworth,7550,26011,9.205312974652676,https://instagram.com/paulepworth,
TECHNOBOYS PULCRAFT GREEN-FUND,7422,25259,9.018369842397892,https://instagram.com/technoboys_pg/?igshid=wir7oyjix8b4,
Space Ducks,3365,60146,8.923358833939496,https://instagram.com/spaceducksmusic,
oxuim,1381,74117,8.570120744673439,https://instagram.com/oxuim.00?igsh=a3l5cnZsYm9wc21r,
vcr-classique,5079,40040,8.430640441453116,https://instagram.com/vcr_classique,
SUCKERPUNCH!,6439,27815,8.409861976227305,https://instagram.com/suckerpunchmtl/,
seraphiac,3424,53641,8.329263339046584,https://instagram.com/seraphiac.mp3,
ri4h,3736,50523,8.29337646140769,https://instagram.com/ilovethecolorp1nk,
Kanro,6802,22795,8.229871591209955,https://instagram.com/kanromusic,
666rehab,2719,58574,8.200615916279977,https://instagram.com/666rehab,
Kaushion,5764,29612,7.996172122124214,https://instagram.com/iamkaushion,
sorakai,4249,41833,7.880588534481557,https://instagram.com/logan_dabro,
feeo,3771,45167,7.792306968772209,https://instagram.com/soundsbyfeeo,
Kid Andre,1900,55857,7.212437119406937,https://instagram.com/Kidandre,contact51syndicate@gmail.com
9000,6740,13066,7.2095404316987866,https://instagram.com/lifeof9000,
#ff85f7,5254,23203,6.912485194320192,https://instagram.com/ff85f7,ff85f7music@gmail.com
SKGLIZZII,6463,12437,6.904107618131906,https://instagram.com/skglizzii/,
JustTrae,6440,10258,6.667589844348759,https://instagram.com/therealjusttrae,
Duzzled,3949,31946,6.635798391928988,https://instagram.com/Duzzledmusic,
AMF Empire,2081,45847,6.377364728341903,https://instagram.com/amf.empire,
Kat Robichaud,6305,7968,6.32180580521996,https://instagram.com/katrowbeeshow,
King Quartz,5946,11101,6.317953889887546,https://instagram.com/k_quartzzz/,
SeamoreTheSeal,6441,5036,6.15,https://instagram.com/seamoretheseal,
Kitone,4170,22659,5.907596881401279,https://instagram.com/kitoneworld,
nobuddy,2703,33773,5.724209899251704,https://instagram.com/nobuddynobuddynobuddy,
#1dk,1851,40711,5.665681827682789,https://instagram.com/1dk23_/,
Ythan,779,49843,5.63200291236431,https://instagram.com/ythan.sound,
wecamewithbrokenteeth,5526,7652,5.607098365452949,https://instagram.com/dsfprecords,
2AR,5513,7323,5.563030043337095,https://instagram.com/2AR_music,
Tevin Williams,3632,23451,5.514300893217953,https://instagram.com/twmusic,
QUESTion,2274,34174,5.387707453701768,https://instagram.com/theqkrew,
Michelle Heafy,3921,19016,5.327480038459931,https://instagram.com/michelleheafy,
DJ Manifest,3589,15917,4.72856729791118,https://instagram.com/dj.manifest/?hl=fr,
Syberlilly,799,39576,4.63018616835974,https://instagram.com/Syberlilly,
Mona Vera,1679,31645,4.614685492524003,https://instagram.com/monaveracatclub,
TRAVEL BUREAU,1450,32044,4.453423073171411,https://instagram.com/chesley_wm,
Wesley Kneprath,1577,29894,4.3513635160180035,https://instagram.com/thatwesguy/,
Bruiser and Bicycle,2759,18557,4.26260991039951,https://instagram.com/bruiserandbicyclemusic,
Ant2x,1212,30861,4.127196814514443,https://instagram.com/ant2xtsf,
Seany6xy,3268,12134,4.071392639661107,https://instagram.com/Seany6xy,
00ab,3254,11785,4.024461421623957,https://instagram.com/00ab_____,
Neon Odin,3524,8033,3.888785655560665,https://instagram.com/neon.odin/,
Lil Two3,1804,22376,3.80406058832546,,two3wz@gmail.com
OHC Worship,890,28542,3.6144984184050277,https://instagram.com/ohcworship,
dorikore,1104,26362,3.5857760963170433,https://instagram.com/dorikoreisdead/,
HF Diez,2005,18127,3.558513788442512,https://instagram.com/hf_____________,
BL8XE,1504,19922,3.2972569429929073,https://instagram.com/bl8xeee/,
Chombae,2263,12089,3.185345860680295,https://instagram.com/chombae_,
H X 7,2879,6537,3.1744656020511965,https://instagram.com/_h_x_7_/,
キュビノワ,3007,5362,3.170086256148712,https://instagram.com/qubinoix/,
Trxmbby,2663,6895,3.0205360004459125,https://instagram.com/trxmbby,
Ponder,1674,14869,2.944691902512437,https://instagram.com/Prodbyponder,
RackedUpRoy,2596,6314,2.9040794002480386,https://instagram.com/rackeduproy,
vin0,2327,8681,2.903122430779092,https://instagram.com/binotard,binotard@gmail.com
Xavier Anthony,851,21220,2.853322046179786,https://instagram.com/xavieranthony.store,
XWaves,2206,9141,2.8426532474952273,https://instagram.com/xwavesmusic,
Y3N,1428,15601,2.801579156389783,https://instagram.com/y3n153?igshid=MXRiOWdhM2w2M3ZveQ==,
Nick Cain,882,20339,2.7930448141800093,https://instagram.com/nickcainmusic/?hl=en,
Jibba,2265,7470,2.7285021529200284,https://instagram.com/Jibba,
Nauti,2139,8241,2.6945246854228504,https://instagram.com/nauti.c.a,
Kynlee Rain,778,19150,2.583766704290512,https://instagram.com/kynlee_rain11?utm_source=ig_web_button_share_sheet&igsh=ZDNlZDc0MzIxNw==,
LAVIEDEERIC,2055,7552,2.5524330086534843,https://instagram.com/laviedeeric/,
Eric Owyoung,2298,5302,2.542199322770787,https://instagram.com/futureofforestry/,
Blud Barbi,1720,8841,2.3865519139389377,https://instagram.com/bludbarbi,
upnow!,1875,7262,2.365745579198194,https://instagram.com/upnow2k25,
Avery Tucker,791,16321,2.314292532363474,https://instagram.com/av33333ry,
gacha,1544,9496,2.2971977202736786,https://instagram.com/gachacacki,
Baybe Heem,1270,11295,2.2354608224293857,https://instagram.com/Baybeheem,
mvx,838,13247,2.050318060839151,https://instagram.com/clipalodeon/,
Darren Rita,1564,6575,2.0247296657051685,https://instagram.com/darren__rita,
SFG,1555,6288,1.988340091690704,https://instagram.com/Es_SFG,
Aebleo,1040,10022,1.907316444407285,https://instagram.com/aebleo_/,aebleo@gmail.com
PKYB,1137,8131,1.8046559508381756,https://instagram.com/itspkyb,
48 Ocean,1327,5090,1.669396485654167,https://instagram.com/48oceanmusic/,
Chrit,1090,6928,1.64398784889149,https://instagram.com/thechrit,
Pkltheshaboy,876,5821,1.3463598929810625,https://instagram.com/theshadiest,
OLD,720,6245,1.25161469002132,https://instagram.com/playoldmusic,
BNMO,610,5052,1.036676281649318,https://instagram.com/bennimmosax,
